{
	"$schema": "../schemas/mapConfig.v1.json",
	"kingOfTheHillPosition": [0, 0, 0],
	"globalMapVariables": {
		"floorDeathHeight": -10,
		"birdsSfxVolume": 0,
		"windSfxVolume": 0.003
	},
	"randomMapVariableSets": [
		{
			"name": "Pretty regular style",
			"skyHighColor": [
				0.1803921568627451, 0.3607843137254902, 0.8980392156862745
			],
			"skyMidColor": [
				0.7058823529411765, 0.7411764705882353, 0.8509803921568627
			],
			"skyLowColor": [
				0.7058823529411765, 0.7411764705882353, 0.8509803921568627
			],
			"skyPower": 0.4,
			"fogAmount": 0.003,
			"colorMultiplier": [0.8980392156862745, 0.8, 0.7215686274509804],
			"colorMultiplierAdjust": 0.2799999999999999,
			"colorAdder": [0, 0, 0],
			"colorAdderAdjust": -3.469446951953614e-18,
			"saturation": 1.36
		},
		{
			"name": "Blue sky red walls is sun going down",
			"colorMultiplier": [
				0.8196078431372549, 0.38823529411764707, 0.3803921568627451
			],
			"fogAmount": 0.004,
			"colorMultiplierAdjust": -0.05,
			"saturation": 1.2,
			"skyHighColor": [
				0.10588235294117647, 0.09803921568627451, 0.403921568627451
			],
			"skyMidColor": [
				0.7450980392156863, 0.7490196078431373, 0.7764705882352941
			],
			"skyLowColor": [
				0.7450980392156863, 0.7490196078431373, 0.7764705882352941
			]
		},
		{
			"name": "Sun coming up",
			"colorAdder": [0, 0, 0.0196078431372549],
			"colorMultiplier": [
				0.1450980392156863, 0.1843137254901961, 0.7137254901960784
			],
			"fogAmount": 0.003,
			"saturation": 1.1,
			"skyHighColor": [
				0.10980392156862745, 0.09019607843137255, 0.5882352941176471
			],
			"skyMidColor": [
				0.807843137254902, 0.8352941176470589, 0.7019607843137254
			],
			"skyLowColor": [
				0.807843137254902, 0.8352941176470589, 0.7019607843137254
			],
			"skyPower": 1.1
		}
	]
}
