{
	"$schema": "../schemas/mapConfig.v1.json",
	"globalMapVariables": {
		"windSfxVolume": 0,
		"flyRoofHeight": 55
	},
	"randomMapVariableSets": [
		{
			"probability": 3,
			"name": "default",
			"cloudsHeight": 19.39999999999994,
			"colorMultiplierAdjust": 0.36
		},
		{
			"probability": 1,
			"name": "Rainy foggy day",
			"windSfxVolume": 0.01,
			"rainSfxVolume": 0.125,
			"birdsSfxVolume": 0.0001,
			"skyHighColor": [
				0.403921568627451, 0.38823529411764707, 0.4549019607843137
			],
			"skyMidColor": [
				0.796078431372549, 0.792156862745098, 0.8274509803921568
			],
			"skyLowColor": [
				0.796078431372549, 0.792156862745098, 0.8274509803921568
			],
			"skyPower": 0.9,
			"fogAmount": 0.022000000000000002,
			"fogHeightAmount": 0.044000000000000046,
			"fogHeightOffset": 0,
			"fogHeightDistFalloff": 0,
			"fogHeightAmountMin": 0,
			"fogHeightAmountMax": 0.02099999999999956,
			"colorMultiplier": [
				0.3764705882352941, 0.3215686274509804, 0.3215686274509804
			],
			"colorMultiplierAdjust": -2.8102520310824275e-16,
			"colorAdder": [
				0.0784313725490196, 0.0784313725490196, 0.0784313725490196
			],
			"colorAdderAdjust": -0.08999999999999997,
			"saturation": 0.8599999999999999,
			"lightningEnabled": true
		},
		{
			"probability": 3,
			"name": "Pink sky sunset",
			"cloudsHeight": 14.699999999999982,
			"skyHighColor": [
				0.058823529411764705, 0.08235294117647059, 0.7411764705882353
			],
			"skyMidColor": [
				0.9019607843137255, 0.3607843137254902, 0.5490196078431373
			],
			"skyLowColor": [
				0.9490196078431372, 0.5725490196078431, 0.5333333333333333
			],
			"skyPower": 0.5999999999999989,
			"fogAmount": 0.003,
			"colorMultiplier": [
				0.8745098039215686, 0.40784313725490196, 0.5215686274509804
			],
			"colorMultiplierAdjust": 0.15,
			"colorAdder": [0, 0, 0],
			"colorAdderAdjust": -0.010000000000000142,
			"saturation": 1.2100000000000002
		}
	]
}
