{
	"$schema": "../schemas/mapConfig.v1.json",
	"kingOfTheHillPosition": [0, 2, 0],
	"globalMapVariables": {
		"birdsSfxVolume": 0.005,
		"windSfxVolume": 0.0005,
		"floorDeathHeight": -7.4,
		"flySphereRadius": 150
	},
	"randomMapVariableSets": [
		{
			"name": "default",
			"probability": 3,

			"cloudsHeight": 14.499999999999986,
			"saturation": 1.3,
			"colorMultiplierAdjust": 0.6,
			"fogAmount": 0.003
		},
		{
			"name": "Pink SunRise",
			"probability": 3,
			"skyHighColor": [
				0.5137254901960784, 0.09803921568627451, 0.5607843137254902
			],
			"skyMidColor": [1, 0.30980392156862746, 0.0784313725490196],
			"skyLowColor": [1, 0.30980392156862746, 0.0784313725490196],
			"skyPower": 1.0999999999999999,
			"fogAmount": 0.004,
			"colorMultiplier": [
				0.5686274509803921, 0.28627450980392155, 0.25098039215686274
			],
			"colorMultiplierAdjust": 0.3,
			"colorAdder": [0, 0, 0],
			"colorAdderAdjust": -0.010000000000000004,
			"saturation": 1.21
		},
		{
			"name": "Soft sunny colors",
			"probability": 3,
			"colorMultiplier": [1, 0.996078431372549, 0.9411764705882353],
			"fogAmount": 0.006,
			"saturation": 1.45,
			"skyHighColor": [0.01568627450980392, 0, 1],
			"skyMidColor": [
				0.6509803921568628, 0.7568627450980392, 0.807843137254902
			],
			"skyLowColor": [
				0.6509803921568628, 0.7568627450980392, 0.807843137254902
			],
			"skyPower": 0.7
		},
		{
			"name": "Rainy foggy day",
			"probability": 1,
			"windSfxVolume": 0.01,
			"rainSfxVolume": 0.125,
			"birdsSfxVolume": 0.0001,
			"skyHighColor": [
				0.2196078431372549, 0.2784313725490196, 0.44313725490196076
			],
			"skyMidColor": [
				0.42745098039215684, 0.4823529411764706, 0.792156862745098
			],
			"skyLowColor": [
				0.42745098039215684, 0.4823529411764706, 0.792156862745098
			],
			"skyPower": 0.8999999999999999,
			"fogAmount": 0.028,
			"fogHeightAmount": 0.04499999999999997,
			"fogHeightOffset": -15.799999999999972,
			"fogHeightDistFalloff": 0,
			"fogHeightAmountMin": 0.011000000000000083,
			"fogHeightAmountMax": 1.000000000000004,
			"colorMultiplier": [
				0.09019607843137255, 0.12156862745098039, 0.20784313725490197
			],
			"colorMultiplierAdjust": 0.3200000000000001,
			"colorAdder": [
				0.00784313725490196, 0.00784313725490196, 0.03529411764705882
			],
			"colorAdderAdjust": 0.009999999999999997,
			"saturation": 1.2000000000000013,
			"lightningEnabled": true
		}
	]
}
