{
	"$schema": "../schemas/mapConfig.v1.json",
	"kingOfTheHillPosition": [0, -3, 0],
	"globalMapVariables": {
		"floorDeathHeight": -8,
		"birdsSfxVolume": 0,
		"waterSfxHeight": -6,
		"waterSfxVolume": 0.20000000298023224,
		"windSfxBoostHeight": 17,
		"windSfxBoostVolume": 0.014999999664723873,
		"windSfxVolume": 0.0035000001080334187,
		"flySphereRadius": 90
	},
	"randomMapVariableSets": [
		{
			"skyHighColor": [0, 0.415, 0.96],
			"skyMidColor": [0.807, 0.89, 0.933],
			"skyLowColor": [0.807, 0.89, 0.933],
			"skyPower": 0.6,
			"fogAmount": 0.004,
			"fogHeightAmount": 0,
			"fogHeightOffset": 0,
			"fogHeightDistFalloff": 0,
			"fogHeightAmountMin": 0,
			"fogHeightAmountMax": 1,
			"colorMultiplier": [0.78, 0.811, 0.941],
			"colorMultiplierAdjust": 0.15,
			"colorAdder": [0.007, 0.011, 0.011],
			"colorAdderAdjust": -0.009,
			"saturation": 1.2,
			"lightningEnabled": false,
			"name": "default with more fog"
		},
		{
			"name": "Nights style, sun going down",
			"cloudsHeight": 10,
			"skyHighColor": [
				0.16862745098039217, 0.40784313725490196, 0.8901960784313725
			],
			"skyMidColor": [
				0.9568627450980393, 0.9686274509803922, 0.8117647058823529
			],
			"skyLowColor": [0.996078431372549, 1, 0.9411764705882353],
			"skyPower": 0.8,
			"fogAmount": 0.003,
			"fogHeightAmount": 0,
			"fogHeightOffset": 0,
			"fogHeightDistFalloff": 0,
			"fogHeightAmountMin": 0,
			"fogHeightAmountMax": 1,
			"colorMultiplier": [
				0.5294117647058824, 0.5294117647058824, 0.5294117647058824
			],
			"colorMultiplierAdjust": 0.15,
			"colorAdder": [0.007, 0.011, 0.011],
			"colorAdderAdjust": -0.009,
			"saturation": 1.2,
			"lightningEnabled": false
		},
		{
			"name": "White snowy version",
			"rainSfxVolume": 0.004999999999999997,
			"colorMultiplier": [
				0.9098039215686274, 0.9098039215686274, 0.9098039215686274
			],
			"fogAmount": 0.011,
			"windSfxVolume": 0.0045000001080334187,
			"saturation": 1.28,
			"skyHighColor": [
				0.2901960784313726, 0.44313725490196076, 0.7490196078431373
			],
			"skyMidColor": [1, 1, 1],
			"skyLowColor": [1, 1, 1],
			"skyPower": 0.9
		},
		{
			"name": "Red sky sunsetting",
			"cloudsHeight": 1,
			"skyHighColor": [0, 0.3764705882352941, 0.7803921568627451],
			"skyMidColor": [
				0.9254901960784314, 0.3333333333333333, 0.3333333333333333
			],
			"skyLowColor": [
				0.9254901960784314, 0.3333333333333333, 0.3333333333333333
			],
			"skyPower": 0.8,
			"fogAmount": 0.006,
			"colorMultiplier": [
				0.7372549019607844, 0.3058823529411765, 0.30980392156862746
			],
			"colorMultiplierAdjust": -0.1,
			"colorAdder": [1, 1, 1],
			"colorAdderAdjust": -1.0000000000000002,
			"saturation": 1.1900000000000015
		}
	]
}
