{
	"$schema": "../schemas/mapConfig.v1.json",
	"kingOfTheHillPosition": [0, 32, 0],
	"globalMapVariables": {
		"birdsSfxVolume": 0,
		"waterSfxHeight": -16,
		"waterSfxVolume": 1,
		"windSfxBoostHeight": 31,
		"windSfxBoostVolume": 0.008,
		"windSfxVolume": 0.004,
		"flySphereRadius": 70
	},
	"randomMapVariableSets": [
		{
			"probability": 3,
			"name": "default",
			"colorMultiplierAdjust": 0.3100000000000001,
			"cloudsHeight": 8.9
		},
		{
			"probability": 1,
			"name": "Rainy foggy day",
			"windSfxVolume": 0.01,
			"rainSfxVolume": 0.12,
			"birdsSfxVolume": 0.0001,
			"skyHighColor": [
				0.403921568627451, 0.38823529411764707, 0.4549019607843137
			],
			"skyMidColor": [
				0.796078431372549, 0.792156862745098, 0.8274509803921568
			],
			"skyLowColor": [
				0.796078431372549, 0.792156862745098, 0.8274509803921568
			],
			"skyPower": 0.9,
			"fogAmount": 0.022000000000000002,
			"colorMultiplier": [
				0.3764705882352941, 0.3215686274509804, 0.3215686274509804
			],
			"colorMultiplierAdjust": -2.8102520310824275e-16,
			"colorAdder": [
				0.0784313725490196, 0.0784313725490196, 0.0784313725490196
			],
			"colorAdderAdjust": -0.08999999999999997,
			"lightningEnabled": true,
			"saturation": 0.8599999999999999
		},
		{
			"probability": 3,
			"name": "sunset blue yellow",
			"cloudsHeight": 17,
			"skyHighColor": [
				0.10588235294117647, 0.4117647058823529, 0.7137254901960784
			],
			"skyMidColor": [
				0.8392156862745098, 0.6941176470588235, 0.5607843137254902
			],
			"skyLowColor": [
				0.996078431372549, 0.8980392156862745, 0.807843137254902
			],
			"skyPower": 0.62,
			"fogAmount": 0.003,
			"colorMultiplier": [
				0.8156862745098039, 0.6392156862745098, 0.4627450980392157
			],
			"colorMultiplierAdjust": 0.35,
			"colorAdder": [
				0.10196078431372549, 0.10196078431372549, 0.10196078431372549
			],
			"colorAdderAdjust": -0.12000000000000015,
			"saturation": 1.1300000000000001
		},
		{
			"probability": 3,
			"name": "Purple sunset",
			"cloudsHeight": 35.599999999999994,
			"skyHighColor": [
				0.0784313725490196, 0.06666666666666667, 0.611764705882353
			],
			"skyMidColor": [
				0.8745098039215686, 0.5098039215686274, 0.2627450980392157
			],
			"skyLowColor": [
				0.8745098039215686, 0.5098039215686274, 0.2627450980392157
			],
			"skyPower": 0.9,
			"fogAmount": 0.0035,
			"colorMultiplier": [
				0.6470588235294118, 0.5176470588235295, 0.7215686274509804
			],
			"colorMultiplierAdjust": 0.3999999999999999,
			"colorAdder": [0, 0, 0],
			"colorAdderAdjust": -0.02000000000000001,
			"saturation": 1.4199999999999988
		}
	]
}
