{
	"$schema": "../schemas/mapConfig.v1.json",
	"kingOfTheHillPosition": [0, 0, 0],
	"globalMapVariables": {
		"birdsSfxVolume": 0.005,
		"windSfxVolume": 0.005,
		"windSfxBoostVolume": 0.01,
		"windSfxBoostHeight": 15.599999999999836,
		"cloudsHeight": 53,
		"floorDeathHeight": -40,
		"flySphereRadius": 66,
		"flyRoofHeight": 57
	},
	"randomMapVariableSets": [
		{
			"probability": 7,
			"name": "default",
			"cloudsHeight": 53,
			"saturation": 1.3,
			"colorMultiplierAdjust": 0.6,
			"fogAmount": 0.003
		},
		{
			"name": "Pink SunRise",
			"probability": 4,
			"skyHighColor": [
				0.7019607843137254, 0.06666666666666667, 0.7725490196078432
			],
			"skyMidColor": [
				0.9176470588235294, 0.4666666666666667, 0.2235294117647059
			],
			"skyLowColor": [
				0.3215686274509804, 0.0784313725490196, 0.0784313725490196
			],
			"skyPower": 0.9999999999999999,
			"fogAmount": 0.004,
			"colorMultiplier": [
				0.5686274509803921, 0.28627450980392155, 0.25098039215686274
			],
			"colorMultiplierAdjust": 0.52,
			"colorAdder": [0, 0, 0],
			"colorAdderAdjust": -0.020000000000000004,
			"saturation": 1.2999999999999978,
			"windSfxBoostVolume": 0.015,
			"windSfxVolume": 0.005,
			"cloudsHeight": 53
		},
		{
			"probability": 5,
			"name": "Soft sunny colors",
			"colorMultiplier": [1, 0.996078431372549, 0.9411764705882353],
			"fogAmount": 0.006,
			"saturation": 1.45,
			"skyHighColor": [0.01568627450980392, 0, 1],
			"skyMidColor": [
				0.6509803921568628, 0.7568627450980392, 0.807843137254902
			],
			"skyLowColor": [
				0.6509803921568628, 0.7568627450980392, 0.807843137254902
			],
			"skyPower": 0.7
		},
		{
			"name": "Night style",
			"probability": 1,
			"birdsSfxVolume": 0.0001,
			"rainSfxVolume": 0.012,
			"windSfxVolume": 0.0016,
			"windSfxBoostVolume": 0.004,
			"skyHighColor": [
				0.2196078431372549, 0.2784313725490196, 0.44313725490196076
			],
			"skyMidColor": [
				0.42745098039215684, 0.4823529411764706, 0.792156862745098
			],
			"skyLowColor": [
				0.42745098039215684, 0.4823529411764706, 0.792156862745098
			],
			"skyPower": 0.8999999999999999,
			"fogAmount": 0.004,
			"fogHeightAmount": 0.054999999999999966,
			"fogHeightOffset": -21.499999999999993,
			"fogHeightDistFalloff": 0.003,
			"fogHeightAmountMin": 0.003999999999999997,
			"fogHeightAmountMax": 0.8889999999999999,
			"colorMultiplier": [
				0.09019607843137255, 0.12156862745098039, 0.20784313725490197
			],
			"colorMultiplierAdjust": 0.15,
			"colorAdder": [
				0.00784313725490196, 0.00784313725490196, 0.03529411764705882
			],
			"colorAdderAdjust": -0.025,
			"saturation": 1.2000000000000013,
			"lightningEnabled": false,
			"cloudsHeight": 53
		},
		{
			"name": "Rainy foggy day",
			"probability": 2,
			"windSfxVolume": 0.01,
			"rainSfxVolume": 0.125,
			"birdsSfxVolume": 0.0001,
			"skyHighColor": [
				0.2196078431372549, 0.2784313725490196, 0.44313725490196076
			],
			"skyMidColor": [
				0.42745098039215684, 0.4823529411764706, 0.792156862745098
			],
			"skyLowColor": [
				0.42745098039215684, 0.4823529411764706, 0.792156862745098
			],
			"skyPower": 0.8999999999999999,
			"fogAmount": 0.028,
			"fogHeightAmount": 0.04499999999999997,
			"fogHeightOffset": -15.799999999999972,
			"fogHeightDistFalloff": 0,
			"fogHeightAmountMin": 0.011000000000000083,
			"fogHeightAmountMax": 1.000000000000004,
			"colorMultiplier": [
				0.09019607843137255, 0.12156862745098039, 0.20784313725490197
			],
			"colorMultiplierAdjust": 0.3200000000000001,
			"colorAdder": [
				0.00784313725490196, 0.00784313725490196, 0.03529411764705882
			],
			"colorAdderAdjust": 0.009999999999999997,
			"saturation": 1.2000000000000013,
			"lightningEnabled": true
		},
		{
			"name": "Peacefull soft colors daytime",
			"probability": 3,
			"cloudsHeight": 53,
			"skyHighColor": [0, 0.41568627450980394, 0.9607843137254902],
			"skyMidColor": [
				0.807843137254902, 0.8901960784313725, 0.9333333333333333
			],
			"skyLowColor": [
				0.807843137254902, 0.8901960784313725, 0.9333333333333333
			],
			"skyPower": 0.6,
			"fogAmount": 0.005,
			"fogHeightAmount": 0,
			"fogHeightOffset": 0,
			"fogHeightDistFalloff": 0,
			"fogHeightAmountMin": 0,
			"fogHeightAmountMax": 1,
			"colorMultiplier": [
				0.7803921568627451, 0.8117647058823529, 0.9411764705882353
			],
			"colorMultiplierAdjust": 0.4500000000000003,
			"colorAdder": [
				0.00784313725490196, 0.011764705882352941, 0.011764705882352941
			],
			"colorAdderAdjust": -0.00999999999999999,
			"saturation": 1.2,
			"lightningEnabled": false
		},
		{
			"name": "Peacefull soft morning fog",
			"probability": 3,
			"cloudsHeight": 53,
			"skyHighColor": [0, 0.41568627450980394, 0.9607843137254902],
			"skyMidColor": [
				0.807843137254902, 0.8901960784313725, 0.9333333333333333
			],
			"skyLowColor": [
				0.803921568627451, 0.8627450980392157, 0.8980392156862745
			],
			"skyPower": 1,
			"fogAmount": 0.005,
			"fogHeightAmount": 0.055999999999999994,
			"fogHeightOffset": -6.000000000000011,
			"fogHeightDistFalloff": 0.0009999999999999653,
			"fogHeightAmountMin": 0.004000000000000007,
			"fogHeightAmountMax": 0.4119999999999967,
			"colorMultiplier": [
				0.7803921568627451, 0.8117647058823529, 0.9411764705882353
			],
			"colorMultiplierAdjust": 0.45,
			"colorAdder": [
				0.06666666666666667, 0.07058823529411765, 0.07058823529411765
			],
			"colorAdderAdjust": -0.00999999999999999,
			"saturation": 1.1999999999999993,
			"lightningEnabled": false
		},
		{
			"probability": 4,
			"name": "sunset blue yellow",
			"cloudsHeight": 53,
			"skyHighColor": [
				0.10588235294117647, 0.4117647058823529, 0.7137254901960784
			],
			"skyMidColor": [
				0.8392156862745098, 0.6941176470588235, 0.5607843137254902
			],
			"skyLowColor": [
				0.996078431372549, 0.8980392156862745, 0.807843137254902
			],
			"skyPower": 0.62,
			"fogAmount": 0.003,
			"colorMultiplier": [
				0.8156862745098039, 0.6392156862745098, 0.4627450980392157
			],
			"colorMultiplierAdjust": 0.35,
			"colorAdder": [
				0.10196078431372549, 0.10196078431372549, 0.10196078431372549
			],
			"colorAdderAdjust": -0.12000000000000015,
			"saturation": 1.1300000000000001
		},
		{
			"probability": 3,
			"name": "Purple sunset",
			"cloudsHeight": 53,
			"skyHighColor": [
				0.0784313725490196, 0.06666666666666667, 0.611764705882353
			],
			"skyMidColor": [
				0.8745098039215686, 0.5098039215686274, 0.2627450980392157
			],
			"skyLowColor": [
				0.8745098039215686, 0.5098039215686274, 0.2627450980392157
			],
			"skyPower": 0.9,
			"fogAmount": 0.0042,
			"colorMultiplier": [
				0.6470588235294118, 0.5176470588235295, 0.7215686274509804
			],
			"colorMultiplierAdjust": 0.3999999999999999,
			"colorAdder": [0, 0, 0],
			"colorAdderAdjust": -0.02000000000000001,
			"saturation": 1.4199999999999988
		}
	]
}
